{
  "RandomForest": {
    "train_accuracy": 0.9985955056179775,
    "test_accuracy": 0.8044692737430168,
    "precision": 0.8032243131368064,
    "recall": 0.8044692737430168,
    "f1": 0.8036119392183224
  },
  "GradientBoosting": {
    "train_accuracy": 0.9129213483146067,
    "test_accuracy": 0.7932960893854749,
    "precision": 0.7924947605421784,
    "recall": 0.7932960893854749,
    "f1": 0.7883139041407917
  },
  "LogisticRegression": {
    "train_accuracy": 0.8019662921348315,
    "test_accuracy": 0.7988826815642458,
    "precision": 0.7969700305473759,
    "recall": 0.7988826815642458,
    "f1": 0.7969815323352675
  },
  "SVM": {
    "train_accuracy": 0.848314606741573,
    "test_accuracy": 0.8044692737430168,
    "precision": 0.8097024814862933,
    "recall": 0.8044692737430168,
    "f1": 0.7966318197880587
  },
  "KNN": {
    "train_accuracy": 0.8581460674157303,
    "test_accuracy": 0.7821229050279329,
    "precision": 0.7800469091571532,
    "recall": 0.7821229050279329,
    "f1": 0.7804483275227173
  }
}