{
  "RandomForest": {
    "train_accuracy": 0.9985955056179775,
    "test_accuracy": 0.8044692737430168,
    "precision": 0.802870757241444,
    "recall": 0.8044692737430168,
    "f1": 0.801490741302827
  },
  "GradientBoosting": {
    "train_accuracy": 0.925561797752809,
    "test_accuracy": 0.8100558659217877,
    "precision": 0.8089353912192658,
    "recall": 0.8100558659217877,
    "f1": 0.8067653934904058
  },
  "LogisticRegression": {
    "train_accuracy": 0.8286516853932584,
    "test_accuracy": 0.8100558659217877,
    "precision": 0.8173000184173369,
    "recall": 0.8100558659217877,
    "f1": 0.8018732443266106
  },
  "SVM": {
    "train_accuracy": 0.8469101123595506,
    "test_accuracy": 0.8044692737430168,
    "precision": 0.8097024814862933,
    "recall": 0.8044692737430168,
    "f1": 0.7966318197880587
  },
  "KNN": {
    "train_accuracy": 0.8553370786516854,
    "test_accuracy": 0.7821229050279329,
    "precision": 0.7797185294031573,
    "recall": 0.7821229050279329,
    "f1": 0.7796610997378696
  }
}